DATE,PROGRESS
06-05-26,"Completed initial project setup, branding, theme configuration, homepage cleanup, and daily log documentation for GitHub tracking."
07-05-26,"Completed homepage hero redesign, polygon background animation work, Android/mobile responsiveness improvements, form styling updates, navbar and product bar refinements, and daily documentation for repository tracking."
08-05-26,"Global rebranding to ""Certified Partners"", created FAQ, Stats, and Customer Feedback sections, updated platform-icons, implemented Tutorials section with video modal system, updated brand palette, and verified cross-browser/device compatibility."
11-05-26,"Overhauled Productbar with 5-item recursive nesting and mobile optimization. Enhanced HomeHero with persistent branding, 8s auto-slider for AMC/Modules, live typing animations, and staggered cinematic transitions. Synchronized full module list across the site."
12-05-26,"Implemented varied professional hero gradients with dynamic per-slide color syncing. Added Tally to WhatsApp feature. Updated AMC hero slide with amc.png. Executed deep app-wide performance optimization (Tab Visibility API, IntersectionObserver, GPU acceleration, React memoization) and comprehensive documentation in AGENTS.md and daily logs."
13-05-26,"Stabilized Productbar with safety logic. Audited and connected 100% of app-wide CTAs (Quote/Get Started) to support paths. Enhanced News ticker with hover-to-pause and detailed popovers. Updated branding for Navi Mumbai location and certified partner assets. Fully updated documentation and README."
14-05-26,"Implemented light-themed Quick Access Hub on landing page. Reduced Productbar submenu widths for a more compact UI. Added a fully coded ReplicaHero to the demo page for experimentation. Synchronized hero button theming with white font and reciprocal hover effects. Fixed mobile hero typing animation wrap and resolved News page paragraph spacing issues."
15-05-26,"Executed a high-end ""Minimalist Premium"" redesign of the Quick Access Hub for the demo route. Implemented a site-wide ""hover-proof"" fix for the Hero typing animation. Resolved a critical bug causing animations to stall on tab refocus by hardening the focus-awareness logic. Standardized interactive action pills and verified all changes via production build."
18-05-26,"Conducted a comprehensive audit and documentation of all application routes (20+ public, 6 admin, 3 API). Verified architectural alignment for v1.1.6 and updated daily/excel logs for tracking ."
19-05-26,"Migrated 5 homepage sections to MongoDB. Expanded Admin Panel for dynamic editing of Hero, Stats, Partners, FAQ, and Quick Access Hub. Fixed Mega.nz storage to generate full links with decryption keys, ensuring direct accessibility for resumes and site assets. Version updated to v1.1.27."
20-05-26,"Resolved critical build failure by fixing TypeScript type mismatches in the Partners API. Investigated production MongoDB connection errors (ECONNREFUSED) and verified environment variable mapping. Promoted application to v1.1.28 and updated system documentation."
21-05-26,"Executed v1.1.71 final polish: Refactored HomeHero for instant load with background data sync, implemented staggered cinematic transitions, and fixed animation stacking via Visibility API. Completed 'Manage Pages' admin section with full dynamic control for About/Team/Hub. Restricted About/Team admin to image replacement only to preserve layout integrity. Successfully verified absolute code integrity via multiple redundant production build cycles and automated smoke tests."
22-05-26,"Fixed Map Not Configured error by re-engineering src extraction regex in getMapSrc. Updated unified WhatsApp and support number to 9821309060 across all fallbacks (Contact, Footer, Navbar, Hover Button, FAQ, Hub). Bumped version to v1.1.114."
25-05-26,"Executed complete brand identity transition to a professional Blue, Sky & White palette (#E9F1FA, #00ABE4, #0371a3, #f0f9ff). Transformed search experience with AI-generated summaries, deep-linking for modules/services, and proactive support integration. Synchronized entire homepage (Hero, Stats, Hub, FAQ) with refined visual tokens and established a stable design checkpoint at v1.1.139."
26-05-26,"Completed comprehensive brand synchronization for the Services ecosystem (6+ specialized routes) and overhauled the admin submissions dashboard with isolated data governance, multi-column sorting, and deep-inspection modals. Executed initial security audit hardening with secure headers, server-side input sanitization, and migration from deprecated 'middleware' to the modern 'proxy' convention. Optimized hero section typography and navigation structure, relocating admin access to the 'Company' sector. Promoted application to v1.1.186."
27-05-26,"Implemented Advanced Hero Animation Engine with slide-specific movement paths and layered z-index hierarchy. Executed cinematic 'Full-Fill' visual overhaul for Cloud & Ecosystem sections with soft-gradient transitions and intelligent fit reversions. Deployed a comprehensive Module Reordering system in the admin panel with instant site-wide sync. Resolved critical runtime TypeErrors and enhanced Learning Admin with natural tag typing and redundant request prevention. Promoted application to v1.1.227 following a full security and route audit."
28-05-26,"Reconfigured the Productbar Learning menu with specialized segments for Video Learning and Tally Capabilities. Executed a comprehensive 10% vertical compaction of all primary contact forms for mobile devices. Overhauled the Tutorial Hub with a premium redesign, implementing optimized typography, eliminating redundant labels, and achieving maximum vertical efficiency for the resource gallery. Documented all changes and promoted application to v1.1.260."
29-05-26,"Executed v1.1.306 finalization: Integrated 'Ask Sara' AI Assistant into Search API/Semantic Index and added virtual '/ask-sara' sitemap route with secure redirection. Overhauled data submission forms to the new Deep Blue theme, removing all legacy purple elements. Corrected Partner 2 identity to 'Mr. Pranit Sawant' across all layers and refined display precision on the About page. Implemented advanced chat input focus management with autofocus and retention for a seamless UX. Verified all changes via a successful production build."
30-05-26,"Hardened 'Ask Sara' voice engine for mobile reliability. Implemented Gesture-Atomic handshake for Android Chrome and two-stage getUserMedia initialization. Re-engineered mobile positioning (left-0 right-0 px-4) to eliminate right-side overflow and implemented reactive volume analysis (drawVolumeMeter). Added secure context (HTTPS) enforcement alerts and optimized modal geometry (max-h) for PC/Mobile. Promoted application to v1.1.324."
01-06-26,"Executed total voice engine reimplementation (v1.1.330) using 'recorder-js' for high-fidelity WAV recording and 100% Safari/iOS compatibility. Resolved critical React 'Rendered more hooks' crash by stabilizing hook lifecycle and enforcing Client Component directives. Implemented visual status badges (Mic Ready/Locked/Insecure) and Permissions API tracking. Synchronized transcription API for WAV processing and deployed 'Strict-to-Simple' hardware fallbacks for Android."
17-06-26,"Codified the entire 'Find Solution' consultation flow into a master technical document (CONSULTATION_FLOW.md). Documented 4 phases of branching logic, Admin/Submissions dashboard synchronization, the Deep Blue theme architecture, and Lead Implementation Protocols. Formalized AI analysis rules for industry-specific TDL recommendations and promoted version to v1.1.380."
